title,keywords,category
"Brand guidelines template","brand guidelines template, brand, guidelines, template","Brand Strategy"
"Style guide examples","style guide examples, style, guide, examples","Brand Strategy"
"Brand guide template","brand guide template, brand, guide, template","Brand Strategy"
"Brand identity template","brand identity template, brand, identity, template","Brand Strategy"
"Brand style guide template","brand style guide template, brand, style, guide, template","Brand Strategy"
"Brand style guide examples","brand style guide examples, brand, style, guide, examples","Brand Strategy"
"Brand guideline template","brand guideline template, brand, guideline, template","Brand Strategy"
"Brand guidelines template free","brand guidelines template free, brand, guidelines, template, free","Brand Strategy"
"Brand book template","brand book template, brand, book, template","Brand Strategy"
"Ai style guide","ai style guide, style, guide","Brand Strategy"
"Stylelens ai","stylelens ai, stylelens","Brand Strategy"
"Free brand guidelines template","free brand guidelines template, free, brand, guidelines, template","Brand Strategy"
"Sample style guide","sample style guide, sample, style, guide","Brand Strategy"
"Website style guide template","website style guide template, website, style, guide, template","Brand Strategy"
"Brand guidelines generator","brand guidelines generator, brand, guidelines, generator","Brand Strategy"
"Brand guidelines template free download","brand guidelines template free download, brand, guidelines, template, free, download","Brand Strategy"
"Branding guide template","branding guide template, branding, guide, template","Brand Strategy"
"How to create a brand style guide","how to create a brand style guide, how, create, brand, style, guide","Brand Strategy"
"How to make a style guide","how to make a style guide, how, make, style, guide","Brand Strategy"
"Website style guide examples","website style guide examples, website, style, guide, examples","Brand Strategy"
"Digital style guide","digital style guide, digital, style, guide","Brand Strategy"
"Style guides examples","style guides examples, style, guides, examples","Brand Strategy"
"Example style guide","example style guide, example, style, guide","Brand Strategy"
"Editorial style guide examples","editorial style guide examples, editorial, style, guide, examples","Brand Strategy"
"Style guide ai","style guide ai, style, guide","Brand Strategy"
"Free brand guidelines template pdf","free brand guidelines template pdf, free, brand, guidelines, template, pdf","Brand Strategy"
"Style guide example","style guide example, style, guide, example","Brand Strategy"
"Style guide for website","style guide for website, style, guide, for, website","Brand Strategy"
"Brand guideline template free","brand guideline template free, brand, guideline, template, free","Brand Strategy"
"Logo guidelines template","logo guidelines template, logo, guidelines, template","Brand Strategy"
"Brand guideline sheet","brand guideline sheet, brand, guideline, sheet","Brand Strategy"
"Brand style guide example","brand style guide example, brand, style, guide, example","Brand Strategy"
"Free brand style guide template","free brand style guide template, free, brand, style, guide, template","Brand Strategy"
"Free online style guide","free online style guide, free, online, style, guide","Brand Strategy"
"Brand bible template","brand bible template, brand, bible, template","Brand Strategy"
"How to make brand guidelines","how to make brand guidelines, how, make, brand, guidelines","Brand Strategy"
"Online style guide","online style guide, online, style, guide","Brand Strategy"
"Brand guidelines document","brand guidelines document, brand, guidelines, document","Brand Strategy"
"Ui style guide","ui style guide, style, guide","Brand Strategy"
"Brand guideline maker","brand guideline maker, brand, guideline, maker","Brand Strategy"
"Creating a style guide","creating a style guide, creating, style, guide","Brand Strategy"
"Create a brand guide","create a brand guide, create, brand, guide","Brand Strategy"
"Style guide","style guide, style, guide","Brand Strategy"
"Brand style guide templates","brand style guide templates, brand, style, guide, templates","Brand Strategy"
"Style sheet template","style sheet template, style, sheet, template","Brand Strategy"
"Create brand guidelines","create brand guidelines, create, brand, guidelines","Brand Strategy"
"Social media style guide","social media style guide, social, media, style, guide","Brand Strategy"
"Ai brand guide generator","ai brand guide generator, brand, guide, generator","Brand Strategy"
"Brand identity guidelines template","brand identity guidelines template, brand, identity, guidelines, template","Brand Strategy"
"Styleguide template","styleguide template, styleguide, template","Brand Strategy"
"What does a style guide look like","what does a style guide look like, what, does, style, guide, look, like","Brand Strategy"
"Simple brand guidelines template","simple brand guidelines template, simple, brand, guidelines, template","Brand Strategy"
"Tone of voice template","tone of voice template, tone, voice, template","Brand Strategy"
"Sample brand guidelines","sample brand guidelines, sample, brand, guidelines","Brand Strategy"
"Writing style guide template","writing style guide template, writing, style, guide, template","Brand Strategy"
"Relume style guide","relume style guide, relume, style, guide","Brand Strategy"
"Brand voice template","brand voice template, brand, voice, template","Brand Strategy"
"Create a style guide","create a style guide, create, style, guide","Brand Strategy"
"Example of brand style guide","example of brand style guide, example, brand, style, guide","Brand Strategy"
"Content style guide examples","content style guide examples, content, style, guide, examples","Brand Strategy"
"Branding style guide examples","branding style guide examples, branding, style, guide, examples","Brand Strategy"
"Brand guideline generator","brand guideline generator, brand, guideline, generator","Brand Strategy"
"Style advice ai","style advice ai, style, advice","Brand Strategy"
"Basic style guide template","basic style guide template, basic, style, guide, template","Brand Strategy"
"Online style guide generator","online style guide generator, online, style, guide, generator","Brand Strategy"
"How to make a brand guide","how to make a brand guide, how, make, brand, guide","Brand Strategy"
"Ai brand guidelines generator","ai brand guidelines generator, brand, guidelines, generator","Brand Strategy"
"Example of a style guide","example of a style guide, example, style, guide","Brand Strategy"
"Brand guidelines template illustrator","brand guidelines template illustrator, brand, guidelines, template, illustrator","Brand Strategy"
"Ux style guide examples","ux style guide examples, style, guide, examples","Brand Strategy"
"Style guide examples pdf","style guide examples pdf, style, guide, examples, pdf","Brand Strategy"
"Social media style guide examples","social media style guide examples, social, media, style, guide, examples","Brand Strategy"
"Brand guide templates","brand guide templates, brand, guide, templates","Brand Strategy"
"Figma style guide template","figma style guide template, figma, style, guide, template","Brand Strategy"
"Design guide template","design guide template, design, guide, template","Brand Strategy"
"Ap style ai","ap style ai, style","Brand Strategy"
"Style guide template free","style guide template free, style, guide, template, free","Brand Strategy"
"Branding style guide template","branding style guide template, branding, style, guide, template","Brand Strategy"
"Branding document template","branding document template, branding, document, template","Brand Strategy"
"Ai cool user guide free download","ai cool user guide free download, cool, user, guide, free, download","Brand Strategy"
"Free style guides","free style guides, free, style, guides","Brand Strategy"
"Ui style guide examples","ui style guide examples, style, guide, examples","Brand Strategy"
"Style guide software","style guide software, style, guide, software","Brand Strategy"
"Typography style guide generator","typography style guide generator, typography, style, guide, generator","Brand Strategy"
"Brand guidelines generator free","brand guidelines generator free, brand, guidelines, generator, free","Brand Strategy"
"Guidelines template","guidelines template, guidelines, template","Brand Strategy"
"Branding guideline template","branding guideline template, branding, guideline, template","Brand Strategy"
"Style guide format","style guide format, style, guide, format","Brand Strategy"
"Brand document template","brand document template, brand, document, template","Brand Strategy"
"Google style","google style, google, style","Brand Strategy"
"Creating brand guidelines","creating brand guidelines, creating, brand, guidelines","Brand Strategy"
"Tone of voice document template","tone of voice document template, tone, voice, document, template","Brand Strategy"
"Branding guidelines template free","branding guidelines template free, branding, guidelines, template, free","Brand Strategy"
"Google slides brand guidelines template","google slides brand guidelines template, google, slides, brand, guidelines, template","Brand Strategy"
"Website style guide","website style guide, website, style, guide","Brand Strategy"
"Free brand guidelines","free brand guidelines, free, brand, guidelines","Brand Strategy"
"Brand guidelines template pdf","brand guidelines template pdf, brand, guidelines, template, pdf","Brand Strategy"
"How to make a brand style guide","how to make a brand style guide, how, make, brand, style, guide","Brand Strategy"
"Ai for style guide","ai for style guide, for, style, guide","Brand Strategy"
"Example of style guide","example of style guide, example, style, guide","Brand Strategy"
"Brand guide creator","brand guide creator, brand, guide, creator","Brand Strategy"
"Figma brand guidelines template","figma brand guidelines template, figma, brand, guidelines, template","Brand Strategy"
"Digital style guides","digital style guides, digital, style, guides","Brand Strategy"
"Free brand style guide","free brand style guide, free, brand, style, guide","Brand Strategy"
"Ai write in my style","ai write in my style, write, style","Brand Strategy"
"Chatgpt style guide","chatgpt style guide, chatgpt, style, guide","Brand Strategy"
"Free website style guide template","free website style guide template, free, website, style, guide, template","Brand Strategy"
"Brand style guides examples","brand style guides examples, brand, style, guides, examples","Brand Strategy"
"Style guide sample","style guide sample, style, guide, sample","Brand Strategy"
"Copy style guide examples","copy style guide examples, copy, style, guide, examples","Brand Strategy"
"Ai brand book generator","ai brand book generator, brand, book, generator","Brand Strategy"
"Social media style guide template","social media style guide template, social, media, style, guide, template","Brand Strategy"
"Style guide document","style guide document, style, guide, document","Brand Strategy"
"Make style guide","make style guide, make, style, guide","Brand Strategy"
"Brand guidelines deck","brand guidelines deck, brand, guidelines, deck","Brand Strategy"
"Brand guidelines mockup","brand guidelines mockup, brand, guidelines, mockup","Brand Strategy"
"Brand guidelines download","brand guidelines download, brand, guidelines, download","Brand Strategy"
"Use ai to create brand guidelines","use ai to create brand guidelines, use, create, brand, guidelines","Brand Strategy"
"Style guide layout","style guide layout, style, guide, layout","Brand Strategy"
"How to make brand style guide","how to make brand style guide, how, make, brand, style, guide","Brand Strategy"
"Brand guide template free","brand guide template free, brand, guide, template, free","Brand Strategy"
"Brand voice guidelines template","brand voice guidelines template, brand, voice, guidelines, template","Brand Strategy"
"Ai brand book","ai brand book, brand, book","Brand Strategy"
"Brand style guidelines template","brand style guidelines template, brand, style, guidelines, template","Brand Strategy"
"How to make a brand guidelines document","how to make a brand guidelines document, how, make, brand, guidelines, document","Brand Strategy"
"Brandbook ai","brandbook ai, brandbook","Brand Strategy"
"Tone of voice document","tone of voice document, tone, voice, document","Brand Strategy"
"Style with ai","style with ai, style, with","Brand Strategy"
"Brand guideline templates","brand guideline templates, brand, guideline, templates","Brand Strategy"
"Build a style guide","build a style guide, build, style, guide","Brand Strategy"
"How to create a style guide","how to create a style guide, how, create, style, guide","Brand Strategy"
"Branding identity template","branding identity template, branding, identity, template","Brand Strategy"
"Style guide ui","style guide ui, style, guide","Brand Strategy"
"How to style ai","how to style ai, how, style","Brand Strategy"
"Examples of style guides","examples of style guides, examples, style, guides","Brand Strategy"
"Brand guidelines creator","brand guidelines creator, brand, guidelines, creator","Brand Strategy"
"Logo brand guidelines template","logo brand guidelines template, logo, brand, guidelines, template","Brand Strategy"
"Website style guide generator","website style guide generator, website, style, guide, generator","Brand Strategy"
"Brand guideline sheet template","brand guideline sheet template, brand, guideline, sheet, template","Brand Strategy"
"Free brand book generator","free brand book generator, free, brand, book, generator","Brand Strategy"
"Use style ai","use style ai, use, style","Brand Strategy"
"Web style guide template","web style guide template, web, style, guide, template","Brand Strategy"
"Simple style guide template","simple style guide template, simple, style, guide, template","Brand Strategy"
"Style guide website template","style guide website template, style, guide, website, template","Brand Strategy"
"Brandbook maker","brandbook maker, brandbook, maker","Brand Strategy"
"Free brand guide template","free brand guide template, free, brand, guide, template","Brand Strategy"
"Guideline template","guideline template, guideline, template","Brand Strategy"
"Brand guidelines example","brand guidelines example, brand, guidelines, example","Brand Strategy"
"Brandbook template","brandbook template, brandbook, template","Brand Strategy"
"Free brand identity template","free brand identity template, free, brand, identity, template","Brand Strategy"
"Create style guide","create style guide, create, style, guide","Brand Strategy"
"Example style guides","example style guides, example, style, guides","Brand Strategy"
"How to make style guide","how to make style guide, how, make, style, guide","Brand Strategy"
"Style guidelines template","style guidelines template, style, guidelines, template","Brand Strategy"
"Brand identity document","brand identity document, brand, identity, document","Brand Strategy"
"Style guide graphic design","style guide graphic design, style, guide, graphic, design","Brand Strategy"
"Brand sheet template","brand sheet template, brand, sheet, template","Brand Strategy"
"Brand guide generator","brand guide generator, brand, guide, generator","Brand Strategy"
"Typography guidelines template","typography guidelines template, typography, guidelines, template","Brand Strategy"
"Style guide for brand","style guide for brand, style, guide, for, brand","Brand Strategy"
"Brand assets template","brand assets template, brand, assets, template","Brand Strategy"
"Create a brand guideline","create a brand guideline, create, brand, guideline","Brand Strategy"
"Brand identity document example","brand identity document example, brand, identity, document, example","Brand Strategy"
"Online style guide tool","online style guide tool, online, style, guide, tool","Brand Strategy"
"Brand guidelines figma","brand guidelines figma, brand, guidelines, figma","Brand Strategy"
"Canva brand guidelines template","canva brand guidelines template, canva, brand, guidelines, template","Brand Strategy"
"Logo guidelines generator","logo guidelines generator, logo, guidelines, generator","Brand Strategy"
"Ai cool user guide free","ai cool user guide free, cool, user, guide, free","Brand Strategy"
"Editorial style guide template","editorial style guide template, editorial, style, guide, template","Brand Strategy"
"Branding deck template","branding deck template, branding, deck, template","Brand Strategy"
"Brand guidelines format","brand guidelines format, brand, guidelines, format","Brand Strategy"
"Ap stylebook ai","ap stylebook ai, stylebook","Brand Strategy"
"How to create a website style guide","how to create a website style guide, how, create, website, style, guide","Brand Strategy"
"Brand design guidelines template","brand design guidelines template, brand, design, guidelines, template","Brand Strategy"
"Brand guideline ai","brand guideline ai, brand, guideline","Brand Strategy"
"Branded document template","branded document template, branded, document, template","Brand Strategy"
"Style guide for website design","style guide for website design, style, guide, for, website, design","Brand Strategy"
"Brand guidelines sheet template","brand guidelines sheet template, brand, guidelines, sheet, template","Brand Strategy"
"Brand guideline document","brand guideline document, brand, guideline, document","Brand Strategy"
"Style sheet generator","style sheet generator, style, sheet, generator","Brand Strategy"
"Basic brand guidelines template","basic brand guidelines template, basic, brand, guidelines, template","Brand Strategy"
"Relume style guide builder","relume style guide builder, relume, style, guide, builder","Brand Strategy"
"Brand outline template","brand outline template, brand, outline, template","Brand Strategy"
"Free brand manual template","free brand manual template, free, brand, manual, template","Brand Strategy"
"Ai brand identity","ai brand identity, brand, identity","Brand Strategy"
"Ai brand book generator free","ai brand book generator free, brand, book, generator, free","Brand Strategy"
"Simple brand guidelines examples","simple brand guidelines examples, simple, brand, guidelines, examples","Brand Strategy"
"Interactive style guide","interactive style guide, interactive, style, guide","Brand Strategy"
"Lookbook ai generator","lookbook ai generator, lookbook, generator","Brand Strategy"
"Corporate style guide examples","corporate style guide examples, corporate, style, guide, examples","Brand Strategy"
"Design guide example","design guide example, design, guide, example","Brand Strategy"
"Stylify me alternative","stylify me alternative, stylify, alternative","Brand Strategy"
"Test a new design style free with chatgpt","test a new design style free with chatgpt, test, new, design, style, free, with, chatgpt","Brand Strategy"
"Simple brand guidelines","simple brand guidelines, simple, brand, guidelines","Brand Strategy"
"Corebook ai","corebook ai, corebook","Brand Strategy"
"What to include in a brand style guide","what to include in a brand style guide, what, include, brand, style, guide","Brand Strategy"
"Create design guidelines","create design guidelines, create, design, guidelines","Brand Strategy"
"Website design style guide","website design style guide, website, design, style, guide","Brand Strategy"
"Brand guidelines template powerpoint","brand guidelines template powerpoint, brand, guidelines, template, powerpoint","Brand Strategy"
"Brand style guide kit","brand style guide kit, brand, style, guide, kit","Brand Strategy"
"Style guide templates free","style guide templates free, style, guide, templates, free","Brand Strategy"
"Brand style sheet template","brand style sheet template, brand, style, sheet, template","Brand Strategy"
"Free brand guidelines template ppt","free brand guidelines template ppt, free, brand, guidelines, template, ppt","Brand Strategy"
"Web design style guide template","web design style guide template, web, design, style, guide, template","Brand Strategy"
"Create style guide from website","create style guide from website, create, style, guide, from, website","Brand Strategy"
"Brand guideline page","brand guideline page, brand, guideline, page","Brand Strategy"
"Style guide figma","style guide figma, style, guide, figma","Brand Strategy"
"Social media brand guidelines template","social media brand guidelines template, social, media, brand, guidelines, template","Brand Strategy"
"Brand guidelines template indesign","brand guidelines template indesign, brand, guidelines, template, indesign","Brand Strategy"
"Branding file template","branding file template, branding, file, template","Brand Strategy"
"Free brand guideline template","free brand guideline template, free, brand, guideline, template","Brand Strategy"
"Brand standards template","brand standards template, brand, standards, template","Brand Strategy"
"Create brand guidelines online free","create brand guidelines online free, create, brand, guidelines, online, free","Brand Strategy"
"Brand toolkit template","brand toolkit template, brand, toolkit, template","Brand Strategy"
"Brand standards manual examples","brand standards manual examples, brand, standards, manual, examples","Brand Strategy"
"Copy style guide template","copy style guide template, copy, style, guide, template","Brand Strategy"
"Design style guide for website","design style guide for website, design, style, guide, for, website","Brand Strategy"
"Free brand identity guidelines template","free brand identity guidelines template, free, brand, identity, guidelines, template","Brand Strategy"
"Logo spacing template","logo spacing template, logo, spacing, template","Brand Strategy"
"Tone of voice","tone of voice, tone, voice","Brand Strategy"
"Brand manual template","brand manual template, brand, manual, template","Brand Strategy"
"Brand logo guidelines template","brand logo guidelines template, brand, logo, guidelines, template","Brand Strategy"
"Brand guideline figma","brand guideline figma, brand, guideline, figma","Brand Strategy"
"Tone of voice document examples","tone of voice document examples, tone, voice, document, examples","Brand Strategy"
"Brand book template free","brand book template free, brand, book, template, free","Brand Strategy"
"How to create a design style guide","how to create a design style guide, how, create, design, style, guide","Brand Strategy"
"Brand guidelines illustrator template","brand guidelines illustrator template, brand, guidelines, illustrator, template","Brand Strategy"
"Online brand guidelines platform","online brand guidelines platform, online, brand, guidelines, platform","Brand Strategy"
"How to create style guide","how to create style guide, how, create, style, guide","Brand Strategy"
"Ideogram style reference","ideogram style reference, ideogram, style, reference","Brand Strategy"
"Brand guideline online","brand guideline online, brand, guideline, online","Brand Strategy"
"Online web style guide","online web style guide, online, web, style, guide","Brand Strategy"
"Style guideline","style guideline, style, guideline","Brand Strategy"
"Sample style guide for website","sample style guide for website, sample, style, guide, for, website","Brand Strategy"
"Best brand guidelines pdf","best brand guidelines pdf, best, brand, guidelines, pdf","Brand Strategy"
"Brand style guide sample","brand style guide sample, brand, style, guide, sample","Brand Strategy"
"Brand guidelines software","brand guidelines software, brand, guidelines, software","Brand Strategy"
"Brand guidelines templates","brand guidelines templates, brand, guidelines, templates","Brand Strategy"
"Magazine style guide example","magazine style guide example, magazine, style, guide, example","Brand Strategy"
"How to create brand guidelines in canva","how to create brand guidelines in canva, how, create, brand, guidelines, canva","Brand Strategy"
"Midjourney style reference","midjourney style reference, midjourney, style, reference","Brand Strategy"
"Brand book sample","brand book sample, brand, book, sample","Brand Strategy"
"Style guide template pdf","style guide template pdf, style, guide, template, pdf","Brand Strategy"
"Brand identity book template","brand identity book template, brand, identity, book, template","Brand Strategy"
"Brand guidelines template canva","brand guidelines template canva, brand, guidelines, template, canva","Brand Strategy"
"Template brand guidelines","template brand guidelines, template, brand, guidelines","Brand Strategy"
"Brand style guide ai","brand style guide ai, brand, style, guide","Brand Strategy"
"Brand guidelines sample","brand guidelines sample, brand, guidelines, sample","Brand Strategy"
"Style guideline template","style guideline template, style, guideline, template","Brand Strategy"
"Logo brand identity template","logo brand identity template, logo, brand, identity, template","Brand Strategy"
"Tone of voice guide","tone of voice guide, tone, voice, guide","Brand Strategy"
"Guidelines generator","guidelines generator, guidelines, generator","Brand Strategy"
"How to use chatgpt as a personal stylist","how to use chatgpt as a personal stylist, how, use, chatgpt, personal, stylist","Brand Strategy"
"Style guide tool","style guide tool, style, guide, tool","Brand Strategy"
"How to create a style guide for a website","how to create a style guide for a website, how, create, style, guide, for, website","Brand Strategy"
"Style guide template ai","style guide template ai, style, guide, template","Brand Strategy"
"Create your own style guide","create your own style guide, create, your, own, style, guide","Brand Strategy"
"Brand style generator","brand style generator, brand, style, generator","Brand Strategy"
"Brand guidelines sample pdf","brand guidelines sample pdf, brand, guidelines, sample, pdf","Brand Strategy"
"Powerpoint brand guidelines template","powerpoint brand guidelines template, powerpoint, brand, guidelines, template","Brand Strategy"
"Style guide for branding","style guide for branding, style, guide, for, branding","Brand Strategy"
"Brand book template free download","brand book template free download, brand, book, template, free, download","Brand Strategy"
"Brand guidelines maker","brand guidelines maker, brand, guidelines, maker","Brand Strategy"
"Brand book design template","brand book design template, brand, book, design, template","Brand Strategy"
"Guidelines format template","guidelines format template, guidelines, format, template","Brand Strategy"
"Designing a style guide","designing a style guide, designing, style, guide","Brand Strategy"
"Figma style guide","figma style guide, figma, style, guide","Brand Strategy"
"Guideline templates","guideline templates, guideline, templates","Brand Strategy"
"Brand identity template indesign","brand identity template indesign, brand, identity, template, indesign","Brand Strategy"
"Style gpt","style gpt, style, gpt","Brand Strategy"
"Branding guide generator","branding guide generator, branding, guide, generator","Brand Strategy"
"Logo identity template","logo identity template, logo, identity, template","Brand Strategy"
"Brand guidelines samples","brand guidelines samples, brand, guidelines, samples","Brand Strategy"
"Brand guideline sample","brand guideline sample, brand, guideline, sample","Brand Strategy"
"One page style guide template","one page style guide template, one, page, style, guide, template","Brand Strategy"
"Digital styleguide","digital styleguide, digital, styleguide","Brand Strategy"
"Brand guide example pdf","brand guide example pdf, brand, guide, example, pdf","Brand Strategy"
"Brand identity guide template","brand identity guide template, brand, identity, guide, template","Brand Strategy"
"Brand guidelines template pdf free download","brand guidelines template pdf free download, brand, guidelines, template, pdf, free, download","Brand Strategy"
"Brand style guide creator","brand style guide creator, brand, style, guide, creator","Brand Strategy"
"Template for brand guidelines","template for brand guidelines, template, for, brand, guidelines","Brand Strategy"
"Brand guidelines examples","brand guidelines examples, brand, guidelines, examples","Brand Strategy"
"Creating style guides","creating style guides, creating, style, guides","Brand Strategy"
"Visual guidelines template","visual guidelines template, visual, guidelines, template","Brand Strategy"
"Creating a brand guide","creating a brand guide, creating, brand, guide","Brand Strategy"
"Writing guidelines template","writing guidelines template, writing, guidelines, template","Brand Strategy"
"Tone of voice principles","tone of voice principles, tone, voice, principles","Brand Strategy"
"Style guide page","style guide page, style, guide, page","Brand Strategy"
"Figma brand book template","figma brand book template, figma, brand, book, template","Brand Strategy"
"Style guide maker","style guide maker, style, guide, maker","Brand Strategy"
"Free brand guidelines template indesign","free brand guidelines template indesign, free, brand, guidelines, template, indesign","Brand Strategy"
"Google styledrop","google styledrop, google, styledrop","Brand Strategy"
"Style guide website","style guide website, style, guide, website","Brand Strategy"
"Google developer documentation style guide","google developer documentation style guide, google, developer, documentation, style, guide","Brand Strategy"
"Brand guide document","brand guide document, brand, guide, document","Brand Strategy"
"Brand identity sheet","brand identity sheet, brand, identity, sheet","Brand Strategy"
"Design style guide examples","design style guide examples, design, style, guide, examples","Brand Strategy"
"Free brand guidelines template illustrator","free brand guidelines template illustrator, free, brand, guidelines, template, illustrator","Brand Strategy"
"Simple brand guideline","simple brand guideline, simple, brand, guideline","Brand Strategy"
"Massive brand guidelines template","massive brand guidelines template, massive, brand, guidelines, template","Brand Strategy"
"Tone of voice guidelines examples","tone of voice guidelines examples, tone, voice, guidelines, examples","Brand Strategy"
"How to create a web design style guide","how to create a web design style guide, how, create, web, design, style, guide","Brand Strategy"
"Instructions generator","instructions generator, instructions, generator","Brand Strategy"
"Brand guideline mockup","brand guideline mockup, brand, guideline, mockup","Brand Strategy"
"Make a style guide","make a style guide, make, style, guide","Brand Strategy"
"Creating a website style guide","creating a website style guide, creating, website, style, guide","Brand Strategy"
"How to make a logo style guide","how to make a logo style guide, how, make, logo, style, guide","Brand Strategy"
"Canva brand guidelines","canva brand guidelines, canva, brand, guidelines","Brand Strategy"
"Content style guide template","content style guide template, content, style, guide, template","Brand Strategy"
"Brand voice guide template","brand voice guide template, brand, voice, guide, template","Brand Strategy"
"Brand voice examples","brand voice examples, brand, voice, examples","Brand Strategy"
"Brand manual templates","brand manual templates, brand, manual, templates","Brand Strategy"
"Brand guide layout","brand guide layout, brand, guide, layout","Brand Strategy"
"Brand guideline creator","brand guideline creator, brand, guideline, creator","Brand Strategy"
"Brand guide template illustrator","brand guide template illustrator, brand, guide, template, illustrator","Brand Strategy"
"Style guide mockup","style guide mockup, style, guide, mockup","Brand Strategy"
"Brand guidelines document template","brand guidelines document template, brand, guidelines, document, template","Brand Strategy"
"Brand guidelines presentation","brand guidelines presentation, brand, guidelines, presentation","Brand Strategy"
"Google go style guide","google go style guide, google, style, guide","Brand Strategy"
"Style guide tools","style guide tools, style, guide, tools","Brand Strategy"
"Example brand guide","example brand guide, example, brand, guide","Brand Strategy"
"Webflow style guide","webflow style guide, webflow, style, guide","Brand Strategy"
"Free template brand guidelines","free template brand guidelines, free, template, brand, guidelines","Brand Strategy"
"Great tone of voice examples","great tone of voice examples, great, tone, voice, examples","Brand Strategy"
"Brand message","brand message, brand, message","Brand Strategy"
"Voice and tone examples","voice and tone examples, voice, and, tone, examples","Brand Strategy"
"Styledrop ai","styledrop ai, styledrop","Brand Strategy"
"Brand guidelines template psd","brand guidelines template psd, brand, guidelines, template, psd","Brand Strategy"
"How to create a brand guidelines document","how to create a brand guidelines document, how, create, brand, guidelines, document","Brand Strategy"
"Brand guide sheet","brand guide sheet, brand, guide, sheet","Brand Strategy"
"Figma brand guide template","figma brand guide template, figma, brand, guide, template","Brand Strategy"
"Style guide social media","style guide social media, style, guide, social, media","Brand Strategy"
"Branding guidelines document","branding guidelines document, branding, guidelines, document","Brand Strategy"
"Create brand style guide","create brand style guide, create, brand, style, guide","Brand Strategy"
"Template style guide","template style guide, template, style, guide","Brand Strategy"
"How to write a tone of voice guide","how to write a tone of voice guide, how, write, tone, voice, guide","Brand Strategy"
"Brand guidelines tool","brand guidelines tool, brand, guidelines, tool","Brand Strategy"
"Best brand style guide examples","best brand style guide examples, best, brand, style, guide, examples","Brand Strategy"
"Stylescape template free download","stylescape template free download, stylescape, template, free, download","Brand Strategy"
"Brand guide maker","brand guide maker, brand, guide, maker","Brand Strategy"
"Template for guidelines","template for guidelines, template, for, guidelines","Brand Strategy"
"Brand guideline presentation","brand guideline presentation, brand, guideline, presentation","Brand Strategy"
"Brand style guide template pdf","brand style guide template pdf, brand, style, guide, template, pdf","Brand Strategy"
"Tone of voice style guide","tone of voice style guide, tone, voice, style, guide","Brand Strategy"
"Style advice ai free","style advice ai free, style, advice, free","Brand Strategy"
"Style guide from website","style guide from website, style, guide, from, website","Brand Strategy"
"Branding sheet","branding sheet, branding, sheet","Brand Strategy"
"Branding template examples","branding template examples, branding, template, examples","Brand Strategy"
"Looksky ai","looksky ai, looksky","Brand Strategy"
"Brand guidelines template illustrator free download","brand guidelines template illustrator free download, brand, guidelines, template, illustrator, free, download","Brand Strategy"
"Chatgpt fashion stylist prompt","chatgpt fashion stylist prompt, chatgpt, fashion, stylist, prompt","Brand Strategy"
"Website guidelines example","website guidelines example, website, guidelines, example","Brand Strategy"
"Best ai for styling","best ai for styling, best, for, styling","Brand Strategy"
"Ai style assistant","ai style assistant, style, assistant","Brand Strategy"
"Guidelines examples","guidelines examples, guidelines, examples","Brand Strategy"
"Brand guidelines doc","brand guidelines doc, brand, guidelines, doc","Brand Strategy"
"Website style guide example","website style guide example, website, style, guide, example","Brand Strategy"
"Style guide samples","style guide samples, style, guide, samples","Brand Strategy"
"Stylebook ai","stylebook ai, stylebook","Brand Strategy"
"Guideline generator","guideline generator, guideline, generator","Brand Strategy"
"Brand and style guide","brand and style guide, brand, and, style, guide","Brand Strategy"
"Documentation style guide template","documentation style guide template, documentation, style, guide, template","Brand Strategy"
"Style reference midjourney","style reference midjourney, style, reference, midjourney","Brand Strategy"
"Brand manual template indesign","brand manual template indesign, brand, manual, template, indesign","Brand Strategy"
"Brand guidelines ai template","brand guidelines ai template, brand, guidelines, template","Brand Strategy"
"Canva style guide","canva style guide, canva, style, guide","Brand Strategy"
"Brand style guide canva","brand style guide canva, brand, style, guide, canva","Brand Strategy"
"Sample style guide template","sample style guide template, sample, style, guide, template","Brand Strategy"
"App style guide examples","app style guide examples, app, style, guide, examples","Brand Strategy"
"Lorem ipsum generator","lorem ipsum generator, lorem, ipsum, generator","Brand Strategy"
"Creating a style guide for a website","creating a style guide for a website, creating, style, guide, for, website","Brand Strategy"
"Google design style guide","google design style guide, google, design, style, guide","Brand Strategy"
"Free brandbook","free brandbook, free, brandbook","Brand Strategy"
"Make brand guidelines","make brand guidelines, make, brand, guidelines","Brand Strategy"
"Simple brand guidelines pdf","simple brand guidelines pdf, simple, brand, guidelines, pdf","Brand Strategy"
"How to create brand style guide","how to create brand style guide, how, create, brand, style, guide","Brand Strategy"
"Visual style guide examples","visual style guide examples, visual, style, guide, examples","Brand Strategy"
"Branding presentation","branding presentation, branding, presentation","Brand Strategy"
"Tone of voice matrix","tone of voice matrix, tone, voice, matrix","Brand Strategy"
"How to build a style guide","how to build a style guide, how, build, style, guide","Brand Strategy"
"Brand guidelines template word","brand guidelines template word, brand, guidelines, template, word","Brand Strategy"
"Style guide creation","style guide creation, style, guide, creation","Brand Strategy"
"Ai brand guideline","ai brand guideline, brand, guideline","Brand Strategy"
"Style guide typography example","style guide typography example, style, guide, typography, example","Brand Strategy"
"Brand style template","brand style template, brand, style, template","Brand Strategy"
"Indesign brand guidelines","indesign brand guidelines, indesign, brand, guidelines","Brand Strategy"
"Branding outline","branding outline, branding, outline","Brand Strategy"
"Style guide generator from website","style guide generator from website, style, guide, generator, from, website","Brand Strategy"
"Sample website style guide","sample website style guide, sample, website, style, guide","Brand Strategy"
"Ai for brand guidelines","ai for brand guidelines, for, brand, guidelines","Brand Strategy"
"One page brand style guide","one page brand style guide, one, page, brand, style, guide","Brand Strategy"
"Style guide free","style guide free, style, guide, free","Brand Strategy"
"Google documentation style guide","google documentation style guide, google, documentation, style, guide","Brand Strategy"
"Style guide word template","style guide word template, style, guide, word, template","Brand Strategy"
"Design guidelines template","design guidelines template, design, guidelines, template","Brand Strategy"
"Style guides for websites","style guides for websites, style, guides, for, websites","Brand Strategy"
"Brand guidelines template illustrator free","brand guidelines template illustrator free, brand, guidelines, template, illustrator, free","Brand Strategy"
"Style guide download","style guide download, style, guide, download","Brand Strategy"
"Simple style guide examples","simple style guide examples, simple, style, guide, examples","Brand Strategy"
"Graphic standard manual template","graphic standard manual template, graphic, standard, manual, template","Brand Strategy"
"Title maker","title maker, title, maker","Brand Strategy"
"Free brand guide","free brand guide, free, brand, guide","Brand Strategy"
"Brand content guidelines","brand content guidelines, brand, content, guidelines","Brand Strategy"
"What should be in a brand style guide","what should be in a brand style guide, what, should, brand, style, guide","Brand Strategy"
"One page brand guidelines template free","one page brand guidelines template free, one, page, brand, guidelines, template, free","Brand Strategy"
"Email style guide examples","email style guide examples, email, style, guide, examples","Brand Strategy"
"Style guide example pdf","style guide example pdf, style, guide, example, pdf","Brand Strategy"
"Ui ux brand guidelines","ui ux brand guidelines, brand, guidelines","Brand Strategy"
"Illustrator brand guide template","illustrator brand guide template, illustrator, brand, guide, template","Brand Strategy"
"Template manual de marca","template manual de marca, template, manual, marca","Brand Strategy"
"Style guide inspiration","style guide inspiration, style, guide, inspiration","Brand Strategy"
"Style guide sheet","style guide sheet, style, guide, sheet","Brand Strategy"
"Design guideline template","design guideline template, design, guideline, template","Brand Strategy"
"Adobe style guide","adobe style guide, adobe, style, guide","Brand Strategy"
"Oxford style guide","oxford style guide, oxford, style, guide","Brand Strategy"
"Brand style guide one page","brand style guide one page, brand, style, guide, one, page","Brand Strategy"
"Style guides for companies","style guides for companies, style, guides, for, companies","Brand Strategy"
"Custom style guide","custom style guide, custom, style, guide","Brand Strategy"
"Copywriting style guide examples","copywriting style guide examples, copywriting, style, guide, examples","Brand Strategy"
"Google style ai","google style ai, google, style","Brand Strategy"
"Digital style guide examples","digital style guide examples, digital, style, guide, examples","Brand Strategy"
"Style reference seed meta ai","style reference seed meta ai, style, reference, seed, meta","Brand Strategy"
"Style guide ux example","style guide ux example, style, guide, example","Brand Strategy"
"Making brand guidelines","making brand guidelines, making, brand, guidelines","Brand Strategy"
"Style guide for a website","style guide for a website, style, guide, for, website","Brand Strategy"
"Style guide outline","style guide outline, style, guide, outline","Brand Strategy"
"Company style guide examples","company style guide examples, company, style, guide, examples","Brand Strategy"
"Logo guideline template","logo guideline template, logo, guideline, template","Brand Strategy"
"Example brand style guide","example brand style guide, example, brand, style, guide","Brand Strategy"
"Branded ai guide","branded ai guide, branded, guide","Brand Strategy"
"Styleguide","styleguide, styleguide","Brand Strategy"
"Style guide template figma","style guide template figma, style, guide, template, figma","Brand Strategy"
"Guide design template","guide design template, guide, design, template","Brand Strategy"
"Brand manual template indesign free","brand manual template indesign free, brand, manual, template, indesign, free","Brand Strategy"
"Brand guide online","brand guide online, brand, guide, online","Brand Strategy"
"Brand guideline","brand guideline, brand, guideline","Brand Strategy"
"Ai brand guideline generator","ai brand guideline generator, brand, guideline, generator","Brand Strategy"
"Brand style sheet","brand style sheet, brand, style, sheet","Brand Strategy"
"How to design a style guide","how to design a style guide, how, design, style, guide","Brand Strategy"
"Branding sheet template","branding sheet template, branding, sheet, template","Brand Strategy"
"Tone of voice guidelines pdf","tone of voice guidelines pdf, tone, voice, guidelines, pdf","Brand Strategy"
"Writing style formats","writing style formats, writing, style, formats","Brand Strategy"
"Brand tone of voice examples","brand tone of voice examples, brand, tone, voice, examples","Brand Strategy"
"Examples of brand style guides","examples of brand style guides, examples, brand, style, guides","Brand Strategy"
"Styleglide","styleglide, styleglide","Brand Strategy"
"Brand guidelines free template","brand guidelines free template, brand, guidelines, free, template","Brand Strategy"
"Figma brandbook template","figma brandbook template, figma, brandbook, template","Brand Strategy"
"Designing a brand style guide","designing a brand style guide, designing, brand, style, guide","Brand Strategy"
"Ai brandbook","ai brandbook, brandbook","Brand Strategy"
"Brand book template figma","brand book template figma, brand, book, template, figma","Brand Strategy"
"Figma brand template","figma brand template, figma, brand, template","Brand Strategy"
"Brand styles","brand styles, brand, styles","Brand Strategy"
"Making a brand guide","making a brand guide, making, brand, guide","Brand Strategy"
"Best brand book examples","best brand book examples, best, brand, book, examples","Brand Strategy"
"Branding assets template","branding assets template, branding, assets, template","Brand Strategy"
"Writing styles website","writing styles website, writing, styles, website","Brand Strategy"
"Ui ux style guide template","ui ux style guide template, style, guide, template","Brand Strategy"
"Ideogram style code","ideogram style code, ideogram, style, code","Brand Strategy"
"Brand voice and tone template","brand voice and tone template, brand, voice, and, tone, template","Brand Strategy"
"Logo brand guideline template","logo brand guideline template, logo, brand, guideline, template","Brand Strategy"
"Brand voice descriptions","brand voice descriptions, brand, voice, descriptions","Brand Strategy"
"Branding guidelines generator","branding guidelines generator, branding, guidelines, generator","Brand Strategy"
"How to create style guide for website","how to create style guide for website, how, create, style, guide, for, website","Brand Strategy"
"Ai generated style guide","ai generated style guide, generated, style, guide","Brand Strategy"
"Blog style guide template","blog style guide template, blog, style, guide, template","Brand Strategy"
"Brand identity document template","brand identity document template, brand, identity, document, template","Brand Strategy"
"Google material styleguide","google material styleguide, google, material, styleguide","Brand Strategy"
"Ai for css styling","ai for css styling, for, css, styling","Brand Strategy"
"Best brand guideline examples","best brand guideline examples, best, brand, guideline, examples","Brand Strategy"
"Brand usage guidelines template","brand usage guidelines template, brand, usage, guidelines, template","Brand Strategy"
"Visual style guide template","visual style guide template, visual, style, guide, template","Brand Strategy"
"Brand identity template pdf","brand identity template pdf, brand, identity, template, pdf","Brand Strategy"
"How to create a brand identity template","how to create a brand identity template, how, create, brand, identity, template","Brand Strategy"
"Styleguide app","styleguide app, styleguide, app","Brand Strategy"
"Document style guide example","document style guide example, document, style, guide, example","Brand Strategy"
"Branding document examples","branding document examples, branding, document, examples","Brand Strategy"
"Brand guidelines in figma","brand guidelines in figma, brand, guidelines, figma","Brand Strategy"
"Calligraphy guideline generator","calligraphy guideline generator, calligraphy, guideline, generator","Brand Strategy"
"Styleguide website","styleguide website, styleguide, website","Brand Strategy"
"1 page style guide","1 page style guide, page, style, guide","Brand Strategy"
"What is a style guide","what is a style guide, what, style, guide","Brand Strategy"
"Brand guidelines sheet","brand guidelines sheet, brand, guidelines, sheet","Brand Strategy"
"Mailchimp content style guide","mailchimp content style guide, mailchimp, content, style, guide","Brand Strategy"
"Free brand book template","free brand book template, free, brand, book, template","Brand Strategy"
"Brand guidelines document example","brand guidelines document example, brand, guidelines, document, example","Brand Strategy"
"Styleguide boilerplate","styleguide boilerplate, styleguide, boilerplate","Brand Strategy"
"Free brand guidelines mockup","free brand guidelines mockup, free, brand, guidelines, mockup","Brand Strategy"
"What goes into a style guide","what goes into a style guide, what, goes, into, style, guide","Brand Strategy"
"Brand guidelines website template","brand guidelines website template, brand, guidelines, website, template","Brand Strategy"
"Style guide for website example","style guide for website example, style, guide, for, website, example","Brand Strategy"
"Brand guideline template ai","brand guideline template ai, brand, guideline, template","Brand Strategy"
"Branding guide templates","branding guide templates, branding, guide, templates","Brand Strategy"
"Extract style guide from website","extract style guide from website, extract, style, guide, from, website","Brand Strategy"
"Styleguide adobe xd","styleguide adobe xd, styleguide, adobe","Brand Strategy"
"Style guide xd","style guide xd, style, guide","Brand Strategy"
"Automatic style guides","automatic style guides, automatic, style, guides","Brand Strategy"
"Style me ai","style me ai, style","Brand Strategy"
"Pdf style guide","pdf style guide, pdf, style, guide","Brand Strategy"
"Sample web style guide","sample web style guide, sample, web, style, guide","Brand Strategy"
"Brand voice","brand voice, brand, voice","Brand Strategy"
"Brand guidelines template psd free download","brand guidelines template psd free download, brand, guidelines, template, psd, free, download","Brand Strategy"
"Logo style guides","logo style guides, logo, style, guides","Brand Strategy"
"Brand guidelines one pager","brand guidelines one pager, brand, guidelines, one, pager","Brand Strategy"
"Style guide app","style guide app, style, guide, app","Brand Strategy"
"Web brand guidelines","web brand guidelines, web, brand, guidelines","Brand Strategy"
"Brand manual inspiration","brand manual inspiration, brand, manual, inspiration","Brand Strategy"
"Company brand guidelines template","company brand guidelines template, company, brand, guidelines, template","Brand Strategy"
"Brand guidelines website","brand guidelines website, brand, guidelines, website","Brand Strategy"
"Brand typography generator","brand typography generator, brand, typography, generator","Brand Strategy"
"Free brand guideline","free brand guideline, free, brand, guideline","Brand Strategy"
"Brand book ai","brand book ai, brand, book","Brand Strategy"
"Brand voice guidelines","brand voice guidelines, brand, voice, guidelines","Brand Strategy"
"Style guide pages","style guide pages, style, guide, pages","Brand Strategy"
"Logo guide template","logo guide template, logo, guide, template","Brand Strategy"
"Free brand guidelines template download","free brand guidelines template download, free, brand, guidelines, template, download","Brand Strategy"
"Style guide web design","style guide web design, style, guide, web, design","Brand Strategy"
"Figma brand book","figma brand book, figma, brand, book","Brand Strategy"
"Logo manual template","logo manual template, logo, manual, template","Brand Strategy"
"Creating a style guide template","creating a style guide template, creating, style, guide, template","Brand Strategy"
"Ux style guide template","ux style guide template, style, guide, template","Brand Strategy"
"1 page brand style guide","1 page brand style guide, page, brand, style, guide","Brand Strategy"
"Examples of style guide","examples of style guide, examples, style, guide","Brand Strategy"
"Writing design","writing design, writing, design","Brand Strategy"
"How to create brand guidelines","how to create brand guidelines, how, create, brand, guidelines","Brand Strategy"
"Simple brand style guide","simple brand style guide, simple, brand, style, guide","Brand Strategy"
"Create brand book with ai","create brand book with ai, create, brand, book, with","Brand Strategy"
"How to create brand voice","how to create brand voice, how, create, brand, voice","Brand Strategy"
"Styleguide generator","styleguide generator, styleguide, generator","Brand Strategy"
"How to write a style guide for a website","how to write a style guide for a website, how, write, style, guide, for, website","Brand Strategy"
"Brand guidelines builder","brand guidelines builder, brand, guidelines, builder","Brand Strategy"
"Ai writing style","ai writing style, writing, style","Brand Strategy"
"C ai text styles","c ai text styles, text, styles","Brand Strategy"
"Create style guide in figma","create style guide in figma, create, style, guide, figma","Brand Strategy"
"Ui design brief generator","ui design brief generator, design, brief, generator","Brand Strategy"
"Canva style match","canva style match, canva, style, match","Brand Strategy"
"Brand identity template free download","brand identity template free download, brand, identity, template, free, download","Brand Strategy"
"Corporate identity manual examples","corporate identity manual examples, corporate, identity, manual, examples","Brand Strategy"
"Styleguidist","styleguidist, styleguidist","Brand Strategy"
"Brand book template indesign free","brand book template indesign free, brand, book, template, indesign, free","Brand Strategy"
"Style ai login","style ai login, style, login","Brand Strategy"
"Online style guide examples","online style guide examples, online, style, guide, examples","Brand Strategy"
"Simple design writing","simple design writing, simple, design, writing","Brand Strategy"
"Brand tone of voice template","brand tone of voice template, brand, tone, voice, template","Brand Strategy"
"Brand guidelines generator ai","brand guidelines generator ai, brand, guidelines, generator","Brand Strategy"
"Brand overview template","brand overview template, brand, overview, template","Brand Strategy"
"Brand identity layout","brand identity layout, brand, identity, layout","Brand Strategy"
"Framer brand guidelines template","framer brand guidelines template, framer, brand, guidelines, template","Brand Strategy"
"Web style guide examples","web style guide examples, web, style, guide, examples","Brand Strategy"
"Brand guide ai generator","brand guide ai generator, brand, guide, generator","Brand Strategy"
"Brandbook generator","brandbook generator, brandbook, generator","Brand Strategy"
"Logo manual example","logo manual example, logo, manual, example","Brand Strategy"
"Brand style guide template figma","brand style guide template figma, brand, style, guide, template, figma","Brand Strategy"
"Brand guidelines pdf","brand guidelines pdf, brand, guidelines, pdf","Brand Strategy"
"Design style template","design style template, design, style, template","Brand Strategy"
"Generate brand guidelines","generate brand guidelines, generate, brand, guidelines","Brand Strategy"
"Style guides io","style guides io, style, guides","Brand Strategy"
"Style suggestions ai","style suggestions ai, style, suggestions","Brand Strategy"
"Style guide for logo","style guide for logo, style, guide, for, logo","Brand Strategy"
"Bespoke ai stylist","bespoke ai stylist, bespoke, stylist","Brand Strategy"
"Brand guidelines design","brand guidelines design, brand, guidelines, design","Brand Strategy"
"Ai stylist website","ai stylist website, stylist, website","Brand Strategy"
"Design brand style guide","design brand style guide, design, brand, style, guide","Brand Strategy"
"Style guide for web","style guide for web, style, guide, for, web","Brand Strategy"
"One page brand guidelines","one page brand guidelines, one, page, brand, guidelines","Brand Strategy"
"One page brand guidelines template","one page brand guidelines template, one, page, brand, guidelines, template","Brand Strategy"
"Creating a style guide for website","creating a style guide for website, creating, style, guide, for, website","Brand Strategy"
"Guide templates","guide templates, guide, templates","Brand Strategy"
"Styleguide templates","styleguide templates, styleguide, templates","Brand Strategy"
"How to create a brand style guide pdf","how to create a brand style guide pdf, how, create, brand, style, guide, pdf","Brand Strategy"
"Corebook","corebook, corebook","Brand Strategy"
"Oxford university style guide","oxford university style guide, oxford, university, style, guide","Brand Strategy"
"Style guide online","style guide online, style, guide, online","Brand Strategy"
"Ui style guide template figma","ui style guide template figma, style, guide, template, figma","Brand Strategy"
"Magazine style guide template","magazine style guide template, magazine, style, guide, template","Brand Strategy"
"Simple style guide","simple style guide, simple, style, guide","Brand Strategy"
"Typography style guide template","typography style guide template, typography, style, guide, template","Brand Strategy"
"Brand style guide","brand style guide, brand, style, guide","Brand Strategy"
"Dynamic style guide","dynamic style guide, dynamic, style, guide","Brand Strategy"
"Design brand guidelines","design brand guidelines, design, brand, guidelines","Brand Strategy"
"Tone of voice brand guidelines","tone of voice brand guidelines, tone, voice, brand, guidelines","Brand Strategy"
"Ui guidelines template","ui guidelines template, guidelines, template","Brand Strategy"
"Claude style guide","claude style guide, claude, style, guide","Brand Strategy"
"Notion style guide template","notion style guide template, notion, style, guide, template","Brand Strategy"
"Style guide template for website","style guide template for website, style, guide, template, for, website","Brand Strategy"
"Style guides","style guides, style, guides","Brand Strategy"
"Basic style guide","basic style guide, basic, style, guide","Brand Strategy"
"How to make branding guidelines","how to make branding guidelines, how, make, branding, guidelines","Brand Strategy"
"Brand guidelines template figma","brand guidelines template figma, brand, guidelines, template, figma","Brand Strategy"
"House style guide template","house style guide template, house, style, guide, template","Brand Strategy"
"Brand standards guide examples","brand standards guide examples, brand, standards, guide, examples","Brand Strategy"
"Design style guide template","design style guide template, design, style, guide, template","Brand Strategy"
"Brand guide generator free","brand guide generator free, brand, guide, generator, free","Brand Strategy"
"Automatic style guide generator","automatic style guide generator, automatic, style, guide, generator","Brand Strategy"
"Making a style guide","making a style guide, making, style, guide","Brand Strategy"
"Brand visual identity template","brand visual identity template, brand, visual, identity, template","Brand Strategy"
"Online brandbook","online brandbook, online, brandbook","Brand Strategy"
"Style guidelines examples","style guidelines examples, style, guidelines, examples","Brand Strategy"
"Styleguide example","styleguide example, styleguide, example","Brand Strategy"
"Social media brand style guide","social media brand style guide, social, media, brand, style, guide","Brand Strategy"
"Mockflow styleguide","mockflow styleguide, mockflow, styleguide","Brand Strategy"
"Brand guidelines online","brand guidelines online, brand, guidelines, online","Brand Strategy"
"Brand booklet template","brand booklet template, brand, booklet, template","Brand Strategy"
"Style writer ai","style writer ai, style, writer","Brand Strategy"
